email;stratum;score;company
marianna.cartwright@watsica.com;NE;255;Okuneva-Rodriguez
kenny.spencer@kovacek.net;NW;162;Lakin-Lockman
ewitting@gmail.com;C;567;Kuhic-Hauck
ewiegand@gmail.com;SE;731;Spencer, Crist and Raynor
grant24@klein.com;C;518;Goodwin, Schroeder and O'Keefe
corwin.alexane@pouros.com;SE;617;Parisian, Boehm and Thiel
reilly.rashawn@macejkovic.com;NW;25;Kozey Group
sophie47@gmail.com;NE;387;Stiedemann Group
dayna.bashirian@yahoo.com;C;452;Haley LLC
bethel85@gaylord.com;NW;88;King, Feil and Sporer
clubowitz@zulauf.biz;NE;225;Ruecker, Jenkins and Ryan
marianne22@larson.net;NW;40;Corwin Group
koss.johathan@yahoo.com;NW;62;Heller-Medhurst
gust49@yahoo.com;NW;11;Kerluke-Kulas
santos69@hotmail.com;NE;248;Bernier Inc
otilia.vandervort@gmail.com;SW;965;Heathcote-Hirthe
zlarson@swaniawski.com;C;520;Osinski PLC
thompson.emmitt@gmail.com;SW;819;Quigley, DuBuque and Lind
huels.wilma@yahoo.com;NW;36;Weissnat-Ernser
vcronin@jones.biz;C;466;Parker, Herzog and Pfannerstill
powlowski.gladys@gmail.com;C;557;O'Hara Group
mcclure.edna@schroeder.com;SW;813;Mante, Emard and Von
ericka.marvin@wehner.com;NW;79;Collins-Gerhold
mclaughlin.loraine@littel.com;NE;257;Zemlak-Abbott
mabel.oberbrunner@hotmail.com;C;546;Morissette-Herman
tobin62@cassin.biz;C;477;Wunsch-Schmitt
zwilderman@bauch.com;SE;721;Eichmann Inc
maria12@fisher.org;NW;17;Hyatt-McLaughlin
schoen.ova@yahoo.com;SE;798;Kohler and Sons
kallie69@gmail.com;SE;675;Bailey-Hamill
ecollier@gmail.com;NW;50;Stroman-Boyle
claud.feest@yahoo.com;C;524;O'Conner Group
wbednar@ledner.com;SE;643;Oberbrunner, Lowe and Friesen
osbaldo.weissnat@hotmail.com;SE;607;Murazik, Jast and Quigley
baumbach.arden@anderson.org;NE;398;Weissnat Group
maudie04@gmail.com;NE;309;Heathcote, Goodwin and Mayer
itzel.ohara@hotmail.com;NW;185;Gutmann, Ondricka and Schiller
hhermiston@hotmail.com;NW;41;Ankunding, Shanahan and Yost
tracy.herman@hane.com;NE;325;Hills and Sons
aniyah02@gmail.com;C;441;Metz, Crist and Shields
ernser.gerardo@schoen.biz;NW;62;Gorczany Group
brooks.green@gmail.com;SW;963;Davis Inc
vsauer@crooks.com;SE;784;Boehm-Parker
buckridge.quinten@yahoo.com;SW;899;Schiller-Johnston
derick12@gmail.com;SE;786;Spencer-Rippin
ryder.yost@monahan.net;SW;985;Simonis Inc
lulu.berge@schuster.com;SE;776;Marquardt, Gusikowski and Russel
kuphal.queen@cummerata.com;SE;781;Hauck LLC
ymiller@yahoo.com;C;407;Kuhn PLC
noble43@ledner.com;SE;707;Haley, Auer and Turcotte
peichmann@walter.com;SE;638;Runolfsson, Stoltenberg and Johnson
brielle.pollich@fahey.com;C;595;Carter Inc
ashtyn98@gmail.com;C;403;Marks, Swaniawski and Abernathy
rice.kaleb@hotmail.com;C;594;Daugherty-Goldner
lgreen@hotmail.com;SW;954;Moore LLC
herminia.hirthe@bogan.com;NW;61;Walker, Kerluke and Gislason
toy.mary@welch.org;C;458;Hartmann-Cole
von.karianne@gleason.com;SW;870;Legros, Witting and Sauer
emmerich.golda@yahoo.com;C;571;Goldner, Auer and Anderson
ycrooks@lowe.com;SE;756;Ward Inc
mfeeney@jerde.biz;C;496;Willms, Altenwerth and Fadel
mhermiston@powlowski.com;SW;978;Cummings-Brakus
eschultz@hotmail.com;SE;694;Schuppe, Mante and Mertz
mayer.jakob@jenkins.com;NE;320;Rodriguez-Streich
kconn@hotmail.com;NE;230;Wehner PLC
connelly.colt@hotmail.com;C;538;Stark, Swaniawski and Auer
hoeger.davonte@koelpin.com;NE;280;McClure Ltd
darron.haag@gmail.com;SW;890;Smitham, Monahan and Gerhold
bertram36@effertz.com;NE;242;Harris, Lesch and Breitenberg
lgleichner@hotmail.com;NW;143;Ledner-Okuneva
rheidenreich@windler.org;SW;881;Hettinger, Morar and Wyman
hermann.hauck@connelly.info;NE;366;Morar, Torphy and Klocko
dejah40@hotmail.com;SW;867;Jacobi, O'Conner and Weimann
jking@gmail.com;SW;922;Schaefer, Wiza and Pouros
fspencer@becker.com;C;461;Yundt, Heidenreich and Ryan
ijacobi@gmail.com;NE;330;Collins Ltd
oabernathy@kemmer.info;C;408;Emmerich Inc
eschoen@yahoo.com;SW;988;Weimann, Rosenbaum and Beatty
bergstrom.larry@terry.com;NE;314;Pollich and Sons
buster19@corwin.biz;SE;659;Smith Ltd
freeda.kshlerin@hotmail.com;NW;167;Dooley-Hilpert
gislason.wayne@towne.biz;SW;936;Mann, O'Conner and Rempel
denesik.beau@yahoo.com;NW;40;Lesch LLC
paul.nicolas@yahoo.com;C;512;Kuhlman, Emard and Purdy
lizzie89@feest.org;SE;786;Walker-Prohaska
gfeeney@bradtke.com;NE;343;Kohler Ltd
slarkin@jones.net;SW;929;Metz-Hintz
considine.marcos@gmail.com;NW;35;Kessler PLC
dgleichner@yahoo.com;NE;342;Goyette Group
carter.davon@gmail.com;NE;326;Kuhlman, Leuschke and Dicki
miracle84@yahoo.com;NE;254;O'Connell-Connelly
abigale22@hotmail.com;NW;8;Weissnat, Volkman and Beer
nolan.cesar@bednar.org;NE;357;Mueller, Hackett and Flatley
schoen.sylvester@gmail.com;C;525;Grimes LLC
rohan.william@morar.org;SW;862;Witting, Ebert and Marks
addison15@yahoo.com;SW;804;Schulist Inc
ilarson@ortiz.com;NW;78;Shanahan Ltd
vgutmann@yahoo.com;NW;87;Ziemann Ltd
xlehner@kunze.net;NE;397;Murray LLC
providenci.spinka@gmail.com;NE;244;Morissette, Casper and Schroeder
liliana.doyle@hotmail.com;C;548;Bosco and Sons
berneice.labadie@christiansen.info;SW;916;Rolfson Group
yeichmann@hotmail.com;C;527;Thompson-Lockman
eladio.pfannerstill@homenick.com;C;551;Keebler LLC
kovacek.amelie@medhurst.biz;SW;957;Fadel, Romaguera and Tromp
mayra.yost@gmail.com;SW;878;Hyatt-Prohaska
roxane68@davis.net;SW;844;Brekke LLC
ekirlin@yahoo.com;NW;140;Kessler PLC
clare.conroy@schoen.com;NW;99;Reynolds-Langworth
klang@lebsack.com;SW;869;Emmerich LLC
marquardt.kaylah@gleason.biz;NE;302;Schmidt, Ritchie and Ullrich
gideon.ruecker@hotmail.com;SW;802;Leuschke Group
river79@gmail.com;SW;873;Heaney PLC
schiller.antonietta@weissnat.com;SW;823;Bechtelar, Stanton and Howe
donnie63@howe.org;NE;350;Durgan-Reichert
bennie.medhurst@doyle.com;C;489;Ritchie Inc
suzanne40@bayer.net;C;554;Rolfson, Harris and Kub
orin.dietrich@wunsch.biz;SW;908;Kassulke and Sons
enola.ferry@gmail.com;NE;270;Lindgren-Brekke
mccullough.deshawn@hotmail.com;SW;920;Rutherford, Gaylord and White
nichole60@boehm.com;SE;677;Gutmann, Eichmann and Ondricka
lfadel@yahoo.com;SW;816;Corkery and Sons
shaina97@yahoo.com;SE;622;Hermiston, Yost and Hegmann
dewayne.kessler@gmail.com;C;595;Bashirian Group
cruickshank.ludie@schaefer.com;SW;841;Beer-Stokes
hagenes.claire@hahn.com;C;420;Schaefer-Bechtelar
jdibbert@hotmail.com;SE;680;Pfeffer, Morar and Bauch
schumm.annabell@gmail.com;SE;757;Balistreri-Farrell
lavon.wunsch@gmail.com;NW;75;Jones-Jacobson
rstoltenberg@gmail.com;NE;318;Schiller, Armstrong and Brekke
ardith.nader@hotmail.com;SW;838;Witting, Satterfield and Daniel
rmclaughlin@vonrueden.net;NE;353;Wilderman, Runolfsson and Gorczany
charley.weber@yahoo.com;NW;34;Rodriguez, Torphy and Hand
edwardo11@gaylord.com;NE;363;Abbott, Marvin and Hauck
domenic63@hotmail.com;NE;315;Yost Inc
promaguera@gmail.com;NE;241;Satterfield, Yundt and Kunde
mossie73@gmail.com;NW;24;Rau Group
wkoepp@runolfsson.com;NW;70;Anderson, Bernhard and Bednar
lrice@gmail.com;C;572;Stamm-Batz
eokuneva@yahoo.com;SE;623;Parker, Johnston and Powlowski
makayla05@smith.biz;SE;776;Connelly, Raynor and Altenwerth
darlene22@ernser.com;SE;654;Yost, Morissette and Hickle
ogrady@yahoo.com;SE;619;Heaney, Hill and Cormier
xondricka@hotmail.com;NW;55;Heller and Sons
slangosh@gorczany.org;NW;67;Hill, Hegmann and Hessel
ifahey@ferry.com;SE;646;Heathcote-Harvey
rroob@hotmail.com;SE;755;Abbott-Abernathy
jschroeder@torp.com;SE;725;Koepp, Bogisich and Morissette
burnice.cummerata@hotmail.com;SE;618;Lesch and Sons
nhills@gmail.com;NE;289;Casper PLC
gerhold.maxine@huel.org;NW;135;Wehner-Pouros
karl.kessler@okeefe.com;C;495;Bashirian-Medhurst
lavina.heller@bergstrom.info;NW;151;Zemlak-Breitenberg
pasquale05@hotmail.com;NW;100;Lebsack LLC
mozelle.donnelly@hotmail.com;NW;55;Runte Group
rosella23@hotmail.com;C;414;Runolfsson-Pfannerstill
marcia.murphy@lakin.com;NW;139;Reichel and Sons
kchristiansen@gmail.com;C;505;Herzog Inc
cyril.baumbach@mohr.com;C;525;Jacobi Group
merritt.hammes@gmail.com;NE;327;Lehner-McClure
dnader@feest.org;SE;722;Abshire, Purdy and Little
mollie.schoen@hotmail.com;SE;712;Medhurst Ltd
aliya.bernhard@yahoo.com;SW;965;Weimann Ltd
cthiel@kessler.com;NE;343;Feeney, O'Reilly and Bailey
ntowne@gmail.com;NE;202;Casper, Dibbert and Christiansen
ikozey@gmail.com;SW;934;Hagenes, Kohler and Pacocha
arielle72@larson.biz;NW;82;Kovacek PLC
ltremblay@yahoo.com;SE;691;Lemke, Connelly and Franecki
leslie17@gmail.com;C;465;Zboncak-Beatty
khessel@krajcik.org;NE;369;Kris-Dicki
jstreich@yahoo.com;SE;637;Altenwerth Inc
dewayne.mayert@yahoo.com;SW;814;Lueilwitz LLC
eldridge29@yahoo.com;C;548;Jerde-Rempel
yadira.white@hotmail.com;C;458;Nitzsche Inc
dibbert.larissa@yahoo.com;C;534;Casper-Hill
thills@yahoo.com;SW;894;Langworth, Hane and Fisher
hipolito95@hermiston.biz;C;437;Harber-Thiel
willms.erik@keebler.com;SE;777;Walter, Boyle and Wisozk
layne47@yahoo.com;NE;286;Moore LLC
oledner@murphy.biz;NW;64;Kihn LLC
schuster.cleve@thompson.net;NE;260;Zboncak-Schuster
enikolaus@lowe.net;NE;248;Boyer-Feil
stokes.terrell@yahoo.com;C;450;Torphy-Johnston
jessy.mann@yahoo.com;SE;721;Considine Inc
lklein@yahoo.com;NE;355;Schaden, Willms and Mertz
hprosacco@kovacek.com;SE;646;Huel Inc
tyler94@hotmail.com;NW;26;Kuhlman LLC
ustroman@feest.info;SW;999;Feeney-Bogisich
kkoepp@kilback.com;NE;347;Robel, Brown and Stanton
aniyah05@hotmail.com;C;492;Littel-Boehm
pansy.jacobs@hotmail.com;SE;643;Blanda, Veum and Fahey
carleton07@yahoo.com;SE;740;Krajcik PLC
ublick@yahoo.com;NE;338;Connelly-O'Reilly
finn77@hotmail.com;SE;602;Langworth, Jenkins and Heidenreich
raymond51@wilderman.com;SW;916;Boyle-Rutherford
lempi.jaskolski@gmail.com;NE;336;Green, Pollich and Cummerata
paige.hansen@hotmail.com;SW;851;Leuschke Ltd
albertha.nader@daugherty.biz;NE;314;Morissette, Mann and Hand
waino02@yahoo.com;NE;200;Kris Inc
destin.schmeler@conroy.com;C;425;Rosenbaum, Johns and Rowe
hillary.kshlerin@yahoo.com;SE;654;Pfannerstill and Sons
nicolas.nona@yahoo.com;NW;77;Dickens-Mraz
tkulas@grant.info;C;556;Gleichner Inc
rhianna08@hotmail.com;NE;260;Schuppe-Windler
gmarks@harber.com;NE;256;Konopelski-Barton
stewart72@hotmail.com;NW;178;Oberbrunner, Upton and Hills
iva.schuster@hotmail.com;SW;956;Swaniawski-Hansen
arodriguez@kassulke.com;NW;180;Maggio, Lesch and Schaden
breitenberg.adelia@connelly.com;NE;378;Pacocha-Kessler
kiehn.haskell@rau.com;SW;813;Bartoletti, Schamberger and Dach
wkessler@kautzer.com;SW;876;Ankunding-Gutmann
willms.eulah@stark.com;NE;212;Miller-Gutkowski
bridget07@hotmail.com;SW;940;Altenwerth-Hand
ruben.osinski@kihn.com;NE;326;Keeling Inc
simeon21@yahoo.com;C;406;Littel-Hansen
vwiza@hotmail.com;NW;197;Borer-Davis
jeramy.bergnaum@tillman.info;C;564;Dickens-Jaskolski
vern.walker@yahoo.com;C;480;Satterfield-Jakubowski
jratke@gmail.com;SW;930;Gaylord, Pfeffer and Rippin
amelia.emmerich@yahoo.com;SE;790;West-Jones
fredy31@mueller.info;NE;348;Williamson-Balistreri
towne.dayana@hotmail.com;SE;789;Rodriguez-Murphy
buckridge.sarina@gmail.com;SW;869;Renner, Bartell and Crist
mateo.lesch@gmail.com;NE;306;Feest-Jones
kelli15@willms.com;SW;889;Streich-Bernhard
rquitzon@okuneva.com;NW;24;Hintz and Sons
isabella98@yahoo.com;SE;764;Christiansen and Sons
meagan96@haley.com;NW;112;Marks, VonRueden and Adams
schultz.icie@lemke.net;NW;69;Lang, Ratke and Towne
thiel.magali@kreiger.com;C;444;Braun, Fadel and Mueller
geovanni.brown@yahoo.com;SE;622;Purdy, Hodkiewicz and O'Kon
johnson.daniel@yahoo.com;SW;940;Waelchi PLC
heber.gorczany@gmail.com;NW;169;Zboncak-Will
cgislason@hotmail.com;C;475;Wisoky-Kulas
tomasa.daugherty@graham.org;SW;959;Lowe-Kulas
goldner.keshawn@yahoo.com;SW;815;Stiedemann-Halvorson
nienow.freeda@yahoo.com;SW;921;Jacobs, Emard and Davis
osborne66@yahoo.com;SE;653;Bayer, Deckow and Hintz
creilly@hotmail.com;SE;698;Lemke LLC
homenick.claudine@gmail.com;C;427;Windler-Reichel
schuster.camilla@kshlerin.com;NE;233;Steuber-Jacobson
padberg.dallas@gmail.com;SE;753;Goodwin Inc
mckayla.welch@yahoo.com;SW;966;Russel, Considine and Rowe
fkutch@yahoo.com;SE;642;Cronin Ltd
bschimmel@yahoo.com;NE;360;Volkman Ltd
cedrick.marquardt@hotmail.com;C;586;Spencer-Mitchell
rory29@hotmail.com;SW;867;Schulist-Lemke
rae51@orn.biz;C;410;Blick LLC
hkuvalis@yahoo.com;NW;77;Sauer Group
mateo92@yahoo.com;SE;705;Quitzon LLC
theresia06@hotmail.com;SW;841;Windler, Heaney and Cummings
fschuppe@mayert.net;NE;372;McClure, D'Amore and Muller
xschaefer@torphy.com;NE;258;Sauer-Lesch
hrunte@lind.biz;SW;976;Gusikowski, Streich and Ratke
linnea04@muller.com;SE;727;Rau Group
foster24@hane.com;SE;614;Feest, Hegmann and Wiegand
cbechtelar@batz.com;SW;854;Jenkins, Reichel and Willms
nolan.gonzalo@hotmail.com;NW;70;Kutch, Berge and Kerluke
ritchie.elinor@mayer.info;C;477;Larkin and Sons
luisa49@hotmail.com;NW;62;Hahn, Satterfield and Purdy
mauricio54@hotmail.com;SW;857;Tromp, White and Berge
tmante@gmail.com;NW;66;Gibson Group
ebert.adolphus@botsford.com;C;483;Jones-Schuster
fredrick.kuhn@bartoletti.com;SE;645;Gorczany, Stracke and Bednar
daniel.mireille@yahoo.com;NE;325;Rempel, Sporer and Veum
windler.leslie@hotmail.com;SW;872;Kuhic, Prosacco and Konopelski
naomie79@yahoo.com;NE;209;Monahan-Beahan
zemlak.michelle@becker.com;NW;94;Keebler and Sons
dwuckert@casper.biz;SW;809;King, Wiza and Kohler
ansley.harvey@olson.net;SE;616;Becker, Beatty and Reichel
lonie.mckenzie@christiansen.com;SW;956;Anderson-Pacocha
fkunze@kunde.com;NE;393;Cole-Shanahan
lance90@gmail.com;NW;99;Wolff, Gutkowski and Sporer
halvorson.earline@gmail.com;SW;934;Eichmann PLC
hollis.ledner@connelly.com;NE;388;Kiehn, Runolfsdottir and Kuhn
yasmin18@yahoo.com;NW;12;Kunde-Thompson
schroeder.virgie@little.org;NE;349;Bergnaum Group
oleuschke@cummings.com;SW;970;McGlynn-Kunze
gaylord.leland@robel.com;NW;146;Lebsack LLC
elizabeth.hyatt@huels.com;C;553;Oberbrunner, Goyette and Kulas
avolkman@brekke.com;SW;837;Kshlerin-Borer
florine16@yahoo.com;C;514;Kovacek Ltd
drobel@connelly.com;NE;312;Senger Inc
jennifer.pfannerstill@bednar.com;NE;284;Lesch-Runte
una41@yahoo.com;NE;223;Carroll, Schultz and Runolfsdottir
florian86@rowe.net;NW;115;Johnston, Schneider and Hills
garrison91@yahoo.com;C;589;Berge and Sons
zokuneva@hotmail.com;SE;665;Konopelski, Towne and Champlin
yzieme@yahoo.com;SE;756;Kemmer Ltd
hhane@hotmail.com;SE;788;Hyatt-Wisozk
nella.ward@runolfsdottir.com;NE;367;Romaguera LLC
nona12@wiza.com;SW;923;Bergnaum-Jones
jlittel@crooks.biz;NE;224;Konopelski-Quigley
rickey82@yahoo.com;NE;343;Kuhic-Champlin
josianne.heathcote@yahoo.com;C;407;Hauck, Donnelly and Moore
tgraham@gmail.com;NE;389;Ratke Inc
glenda.mcglynn@hettinger.com;SW;835;Nitzsche Inc
noemie.dickinson@hotmail.com;SE;708;Hyatt-Kub
pstroman@gmail.com;C;595;Bogan, Graham and Lockman
kbreitenberg@yahoo.com;NE;240;Feeney, Steuber and Williamson
ddavis@gmail.com;SE;738;Flatley Group
cronin.donny@yahoo.com;C;582;DuBuque LLC
champlin.elta@dach.com;SW;944;Christiansen-Doyle
kris.lemuel@yahoo.com;NW;44;Nicolas Ltd
weldon01@windler.com;NW;128;Hackett LLC
hoppe.casandra@ward.com;NE;301;Schuster and Sons
green.gaston@yahoo.com;SW;999;Nitzsche, Reynolds and Runolfsson
eleazar.beahan@yahoo.com;NW;176;Greenfelder Ltd
schaden.ellsworth@gmail.com;SE;640;Rohan-Marks
aratke@gmail.com;SW;803;Ledner-Schimmel
bennie75@wolff.com;SW;862;Bergstrom-Beier
tdavis@crona.com;NE;329;Windler Group
brigitte.bruen@mclaughlin.com;SE;721;Corkery and Sons
xbayer@hotmail.com;SW;978;Stamm-Metz
jeff06@greenholt.net;SW;919;Volkman-Volkman
avery45@towne.net;NW;184;Howell, Blanda and Mosciski
vandervort.august@hotmail.com;NE;289;Ziemann, Pfeffer and Gislason
daniel.era@gmail.com;SW;968;Kemmer Inc
donnelly.sophia@ondricka.info;NW;182;Yundt LLC
abbott.justen@cummerata.org;NW;124;Larkin-Balistreri
swaniawski.kara@yahoo.com;SE;788;Wisozk and Sons
rowe.cecelia@armstrong.com;NW;196;Shields-Stracke
stamm.gunnar@yahoo.com;NE;244;Gibson, Schumm and Kertzmann
susanna.hermann@conroy.com;SW;987;Wisozk Ltd
marvin.geoffrey@yahoo.com;C;555;Barton-Powlowski
friesen.jazmyn@yahoo.com;SW;821;Zboncak, Jakubowski and Ortiz
ines.waters@hammes.com;NE;267;Steuber, Berge and Kling
rschiller@gmail.com;NW;143;Torphy-Stamm
lakin.larry@gmail.com;NW;6;Dach, Reynolds and Schneider
fdicki@hotmail.com;NW;186;Predovic PLC
yorn@hotmail.com;NE;310;Lind-Zieme
mkrajcik@gmail.com;NW;91;Hills Group
dstamm@gmail.com;SW;836;Kutch Group
earnestine.stracke@yahoo.com;SW;961;Lubowitz-Schaefer
rschoen@cremin.com;C;470;Keeling, Corwin and Bednar
gibson.heather@gmail.com;SE;634;Wolf Inc
qhilpert@marquardt.biz;NW;188;O'Reilly, Herman and Schmitt
ava.rohan@hotmail.com;NW;185;VonRueden and Sons
janis34@yahoo.com;NW;18;Kutch, Bogan and Ankunding
rfeest@mcclure.com;SW;921;Muller, Trantow and Dickens
jacobs.maximo@hotmail.com;NE;253;Sauer Group
beahan.leonor@torp.com;C;466;Schumm, Toy and Lueilwitz
marvin.marie@labadie.com;C;450;Tromp-Lubowitz
vern43@bernier.com;NE;373;Larkin, Lesch and VonRueden
fhills@gmail.com;SW;863;Leffler-Beatty
nschiller@weber.com;NE;243;Kutch LLC
jwhite@hotmail.com;NW;131;Kuhn-Dare
bessie.crooks@damore.com;C;562;McClure, Mosciski and Nienow
quitzon.janelle@weissnat.com;C;569;Thompson, Becker and Effertz
nschmitt@schumm.info;NE;359;Adams Group
armani.monahan@yahoo.com;SE;724;Koch, Smith and Anderson
dorris.kuvalis@yahoo.com;NW;195;Wisoky, Grady and Batz
owen.brown@gmail.com;C;568;Ondricka, Walter and Runolfsson
baylee76@yahoo.com;NE;396;D'Amore-Lemke
kconnelly@hotmail.com;SE;745;McGlynn-Kessler
rusty04@smitham.com;SW;870;Rolfson, Adams and Treutel
scrist@osinski.com;NW;124;Wunsch and Sons
dannie66@eichmann.com;SE;649;Legros Group
stracke.shaniya@russel.biz;C;510;Marvin-Funk
rebeca.von@hotmail.com;NW;175;Koepp-Rau
zechariah67@nicolas.biz;NE;306;Murray Ltd
qjacobson@gmail.com;SW;819;Marquardt Inc
ohirthe@swift.com;NW;4;Schoen Inc
rschimmel@ritchie.com;NW;185;Bernhard-Rau
brigitte51@hotmail.com;NE;303;Schulist, Dooley and Wunsch
simeon69@sipes.biz;NW;68;Zemlak Group
kuhic.dewitt@yahoo.com;SW;942;Bahringer-Shields
yost.wyman@yahoo.com;C;548;Murray Inc
lysanne.russel@hilpert.org;NE;381;Hackett-Batz
ralph.hand@yahoo.com;SE;657;Klocko Ltd
antonetta.vonrueden@grimes.com;SE;674;Wuckert, Lindgren and Larkin
gust.maggio@hotmail.com;SW;843;Bashirian, Konopelski and Hartmann
emmy55@yahoo.com;SE;614;Gulgowski Group
libbie32@hotmail.com;NE;326;Braun PLC
ghahn@gmail.com;NE;334;Ruecker, Pollich and Ondricka
cummings.israel@smith.com;SW;888;Gibson Inc
weissnat.crystal@wisozk.com;SW;803;Reilly, Lockman and Miller
reid50@sawayn.biz;NE;227;Hackett-Gottlieb
cornell.willms@mosciski.com;SE;772;Mayert, Murphy and Reichel
dickens.patricia@hotmail.com;C;497;Langworth, Grimes and Cruickshank
agrady@yahoo.com;NE;373;Schinner-Boyer
bayer.dangelo@hotmail.com;C;478;Moen-Jaskolski
chills@yahoo.com;C;547;Johnston-Schuppe
dickens.johnathon@hilpert.org;C;442;Ondricka, Torp and Graham
rogelio44@hotmail.com;SW;986;Weissnat Inc
nharvey@yahoo.com;C;460;Bergnaum Ltd
sruecker@kemmer.org;NE;300;Block Group
ova.brekke@hotmail.com;SW;988;Turcotte LLC
ajaskolski@hotmail.com;SE;720;Wilderman LLC
rkuhn@wunsch.biz;SE;732;Morar, White and Wolff
matteo.mosciski@brown.info;SE;688;Gulgowski, Bosco and Blanda
ccasper@yahoo.com;NW;64;Leffler-Quigley
schroeder.edythe@hotmail.com;SW;964;Mayer Ltd
emarvin@price.com;C;515;Feil Inc
chanel14@raynor.com;NW;154;Runte, Bechtelar and King
helga.tillman@gmail.com;NE;376;Nikolaus, Dach and Waelchi
mclaughlin.verla@bailey.com;SW;850;Botsford, Doyle and Carter
leonora.cormier@gmail.com;NW;10;Wiza Group
steuber.cooper@zboncak.biz;C;537;Miller Ltd
palma.klocko@jacobi.com;NW;112;Willms-Cronin
christina03@hermiston.biz;C;452;Kling Inc
marks.precious@gmail.com;NE;231;VonRueden-Boyle
uriah16@cummings.com;C;577;Reichel-Moen
summer.gerhold@lubowitz.com;C;407;Jaskolski Inc
xtorphy@dickens.net;C;544;Wolf-Johnston
zelma46@rohan.com;SE;641;Emmerich, Wilkinson and Ebert
anya21@kling.com;C;520;Feest, Connelly and Harvey
erika78@yahoo.com;NE;353;Breitenberg-Miller
letha59@osinski.com;SW;967;Wisozk-Goodwin
laurence56@balistreri.com;NW;25;McDermott-Turcotte
parisian.evangeline@gibson.com;NE;206;Tillman-Gerhold
albina79@yahoo.com;SW;822;Trantow PLC
payton.legros@hotmail.com;C;549;Sipes, Barrows and Brekke
destin.brekke@hotmail.com;NE;260;Welch-Beier
ben16@reilly.biz;NW;177;Corwin, Collins and Towne
donnell92@gmail.com;C;559;Haag Inc
audreanne82@schroeder.com;SE;722;Ortiz-Padberg
talia.greenholt@hotmail.com;NE;325;Aufderhar, Nienow and Simonis
muriel.fadel@zieme.com;SW;939;Kerluke Ltd
joel29@yahoo.com;SW;946;Frami Group
beer.trey@swaniawski.biz;NW;20;Breitenberg Ltd
jaylen07@hotmail.com;NE;334;Koepp, Stamm and Larkin
lfritsch@grimes.net;C;578;Tillman-Koepp
alexzander89@hotmail.com;NE;312;Raynor, Nicolas and Ruecker
lera21@rath.com;NE;213;Haley Inc
bauch.ashly@gmail.com;C;508;Kunde-Veum
csporer@yahoo.com;SW;968;Zulauf-Friesen
donny35@gmail.com;SE;711;Berge-Bartoletti
alana21@kassulke.net;NE;389;Rohan LLC
collins.darren@hotmail.com;NE;313;Mitchell-Bradtke
kmorissette@gmail.com;C;432;Wiegand-Hegmann
fvonrueden@yahoo.com;NW;130;Cronin, Hane and Kunde
jcummerata@yahoo.com;C;567;King, Murray and Erdman
okeefe.omer@ebert.org;SW;878;Smith PLC
dubuque.jefferey@hotmail.com;SE;653;Schimmel-Murazik
spinka.elton@yahoo.com;NE;265;Casper, Kreiger and D'Amore
rmurray@wyman.biz;NW;193;Spinka-Russel
vdach@gmail.com;C;523;Breitenberg-Smitham
franecki.avis@yahoo.com;C;435;O'Connell-Larkin
bernie90@hettinger.org;SE;697;Ritchie, Ankunding and Waelchi
tschulist@considine.com;SW;803;McClure LLC
hwest@leuschke.biz;C;441;Wunsch LLC
monte.williamson@jacobs.com;C;488;Hagenes, Treutel and Hoppe
darrick.hoppe@hotmail.com;NW;93;Denesik-Schinner
douglas.lauren@kilback.com;NE;370;Kohler Ltd
econnelly@hotmail.com;SW;975;Collins-Lockman
jevon.pagac@gmail.com;SE;666;Hills-Smith
yasmine02@corwin.com;C;440;Jaskolski, Grant and Fay
sean.huel@gmail.com;C;413;Grady Ltd
davonte02@windler.net;SW;918;Will Inc
gloria.abbott@gmail.com;C;505;Altenwerth Inc
alejandra24@cole.com;C;593;Fay-Parisian
rosina.doyle@vandervort.biz;C;502;Hill-Hermann
evelyn70@yahoo.com;NE;394;Harvey-Koss
wpollich@hotmail.com;SW;812;Hilpert-Parisian
kcarter@hotmail.com;NW;148;Purdy, Flatley and Davis
frami.burdette@gmail.com;NW;97;Metz-O'Kon
heather.nikolaus@gmail.com;NW;198;Shields-Gottlieb
eschaden@yahoo.com;SE;678;Kub and Sons
heidenreich.kaci@yahoo.com;SW;838;Douglas, Kling and Satterfield
daniel.marshall@schaefer.com;C;452;Connelly-Roberts
letha.conn@yahoo.com;NE;339;Breitenberg-Tillman
tito.torphy@koss.com;C;582;Mueller, Cronin and Jacobs
dovie.schmitt@yahoo.com;SE;767;Jakubowski, Cormier and Breitenberg
yparker@hotmail.com;C;403;Towne-Altenwerth
fdickens@yahoo.com;SE;702;Jacobson, Beer and Simonis
effie.friesen@gmail.com;C;489;Torphy PLC
estrella96@cummerata.info;SW;850;Bosco Group
makenzie50@gmail.com;NW;79;Schiller, Runolfsson and Rice
kuvalis.albert@shields.org;NE;311;Bosco, Johns and McGlynn
kenya27@reinger.biz;SW;883;Klein-Kassulke
keira.kutch@torphy.com;SE;677;Fritsch, Quigley and Effertz
sdavis@hotmail.com;NW;40;Boyle Ltd
bins.reina@yahoo.com;C;546;Spinka PLC
brandt85@yahoo.com;NW;33;Homenick, Renner and Kiehn
anais33@ritchie.info;SW;874;Littel, Boyle and Armstrong
alexzander.ledner@hotmail.com;NW;55;Harris PLC
vena86@hotmail.com;C;584;Streich, Bednar and Hamill
herman.valerie@prohaska.com;C;469;Quitzon-Strosin
mboehm@nolan.com;NW;72;Johns-Murray
estella53@herzog.org;SW;937;McCullough-Prohaska
zemlak.alejandrin@ryan.org;SE;729;Paucek, Stark and Mertz
mmacejkovic@ruecker.net;NW;34;Lemke and Sons
ashields@durgan.biz;SW;828;Rohan-Walsh
burley.farrell@kling.com;C;552;Kassulke-Abernathy
matilde.feil@gmail.com;NE;253;Bartell-Herzog
ben.christiansen@keebler.info;SE;716;Farrell-Gislason
oblanda@reynolds.net;SW;973;Luettgen, Haley and Harris
jacobson.vernice@gottlieb.biz;SE;696;Purdy, Parisian and Romaguera
chyna76@hotmail.com;C;437;Rutherford LLC
goodwin.celia@yahoo.com;C;532;Huels, Bode and Nienow
crooks.josefa@gmail.com;NE;237;Schultz-Mertz
marlon.howell@streich.info;C;425;Kuvalis Inc
cesar18@hilpert.com;C;508;Gottlieb Ltd
rosalind56@boehm.net;NE;277;Hodkiewicz-Murray
ethyl.cormier@hotmail.com;NW;8;Leannon, West and Krajcik
emarquardt@bins.com;SE;621;Carter-Jacobs
howe.sibyl@medhurst.info;NE;266;Effertz-Predovic
piper11@ritchie.com;C;471;Abshire-Borer
jandewit411@conversaction.com;SE;320;Conversaction
